Workbook

Sheet Takeoff
A1: Item # | B1: Description | C1: Location/Area | D1: Material Type | E1: Qty | F1: Unit | G1: Unit Wt (lbs) | H1: Ext Wt (lbs) | I1: Stock Length Used | J1: Waste % | K1: Waste Flag | L1: Notes
A2: 1 | B2: C2 Columns - HSS6x3x5/16 (Bull Moose Tube: 17.0 lb/ft) | C2: Canopy - Grid 9 | D2: Tube / HSS | E2: 3 | F2: EA | G2: 238 | H2: =IF(E2="","",E2*G2) | I2: 14'-0" cut-to-length | J2: 0.08 | K2: =IF(J2="","",IF(J2>0.3,"HARD FAIL",IF(J2>=0.2,"CAUTION","PASS"))) | L2: Confirmed spec per Arie 2026-07-16. Height per S-300 generic column/beam section (Top of Steel El. +14'-0").
A3: 2 | B3: C3 Columns - HSS7x3x5/16 (Bull Moose Tube: 19.1 lb/ft) | C3: Canopy - Grid 4,6,7 | D3: Tube / HSS | E3: 6 | F3: EA | G3: 267.4 | H3: =IF(E3="","",E3*G3) | I3: 14'-0" cut-to-length | J3: 0.08 | K3: =IF(J3="","",IF(J3>0.3,"HARD FAIL",IF(J3>=0.2,"CAUTION","PASS"))) | L3: Confirmed spec per Arie 2026-07-16.
A4: 3 | B4: WF Beam W21x48 - Row 1 | C4: Canopy Row A, Bay 4-6 | D4: WF Beams | E4: 1 | F4: EA | G4: 1200 | H4: =IF(E4="","",E4*G4) | I4: 25'-0" (bay span) | J4: 0.08 | K4: =IF(J4="","",IF(J4>0.3,"HARD FAIL",IF(J4>=0.2,"CAUTION","PASS"))) | L4: Length = grid bay spacing, NOT a beam schedule dimension - planning-stage assumption approved by Arie 2026-07-16.
A5: 4 | B5: WF Beam W16x31 - Row 1 | C5: Canopy Row A, Bay 6-7 | D5: WF Beams | E5: 1 | F5: EA | G5: 687.27 | H5: =IF(E5="","",E5*G5) | I5: 22'-2" (bay span) | J5: 0.08 | K5: =IF(J5="","",IF(J5>0.3,"HARD FAIL",IF(J5>=0.2,"CAUTION","PASS"))) | L5: Grid-derived length, see note row 3.
A6: 5 | B6: WF Beam W21x48 - Row 1 | C6: Canopy Row A, Bay 7-8 | D6: WF Beams | E6: 1 | F6: EA | G6: 932.16 | H6: =IF(E6="","",E6*G6) | I6: 19'-5" (bay span) | J6: 0.08 | K6: =IF(J6="","",IF(J6>0.3,"HARD FAIL",IF(J6>=0.2,"CAUTION","PASS"))) | L6: Grid-derived length, see note row 3.
A7: 6 | B7: WF Beam W21x44 - Row 1 | C7: Canopy Row A, Bay 8-9 | D7: WF Beams | E7: 1 | F7: EA | G7: 979 | H7: =IF(E7="","",E7*G7) | I7: 22'-3" (bay span) | J7: 0.08 | K7: =IF(J7="","",IF(J7>0.3,"HARD FAIL",IF(J7>=0.2,"CAUTION","PASS"))) | L7: Grid-derived length, see note row 3.
A8: 7 | B8: WF Beam W16x31 - Row 2 | C8: Canopy Row B, Bay 4-6 | D8: WF Beams | E8: 1 | F8: EA | G8: 775 | H8: =IF(E8="","",E8*G8) | I8: 25'-0" (bay span) | J8: 0.08 | K8: =IF(J8="","",IF(J8>0.3,"HARD FAIL",IF(J8>=0.2,"CAUTION","PASS"))) | L8: Grid-derived length, see note row 3.
A9: 8 | B9: WF Beam W24x55 - Row 2 | C9: Canopy Row B, Bay 6-7 | D9: WF Beams | E9: 1 | F9: EA | G9: 1219.35 | H9: =IF(E9="","",E9*G9) | I9: 22'-2" (bay span) | J9: 0.08 | K9: =IF(J9="","",IF(J9>0.3,"HARD FAIL",IF(J9>=0.2,"CAUTION","PASS"))) | L9: Grid-derived length, see note row 3.
A10: 9 | B10: WF Beam W21x44 - Row 2 | C10: Canopy Row B, Bay 7-8 | D10: WF Beams | E10: 1 | F10: EA | G10: 854.48 | H10: =IF(E10="","",E10*G10) | I10: 19'-5" (bay span) | J10: 0.08 | K10: =IF(J10="","",IF(J10>0.3,"HARD FAIL",IF(J10>=0.2,"CAUTION","PASS"))) | L10: Grid-derived length, see note row 3.
A11: 10 | B11: WF Beam W24x62 - Row 2 | C11: Canopy Row B, Bay 8-9 | D11: WF Beams | E11: 1 | F11: EA | G11: 1379.5 | H11: =IF(E11="","",E11*G11) | I11: 22'-3" (bay span) | J11: 0.08 | K11: =IF(J11="","",IF(J11>0.3,"HARD FAIL",IF(J11>=0.2,"CAUTION","PASS"))) | L11: Grid-derived length, see note row 3.
A12: 11 | B12: WF Beam W12x16 - Row 2 (5th beam, no matching bay dim) | C12: Canopy Row B, Grid 9 area | D12: WF Beams | E12: 1 | F12: EA | G12: 160 | H12: =IF(E12="","",E12*G12) | I12: 10'-0" ASSUMED - not grid-derived | J12: 0.08 | K12: =IF(J12="","",IF(J12>0.3,"HARD FAIL",IF(J12>=0.2,"CAUTION","PASS"))) | L12: NO matching bay dimension found for this 5th beam - 10' is a rough placeholder, weakest assumption in this takeoff. Verify against detailer/EOR.
A13: 12 | B13: Perimeter Angle - assumed L3x3x1/4 (4.9 lb/ft) | C13: Building perimeter | D13: Angles | E13: 193 | F13: LF | G13: 4.9 | H13: =IF(E13="","",E13*G13) | I13: Per LF - stock length TBD | J13: 0.08 | K13: =IF(J13="","",IF(J13>0.3,"HARD FAIL",IF(J13>=0.2,"CAUTION","PASS"))) | L13: SIZE UNCONFIRMED - not specified anywhere found in drawing set. Qty (193 LF) carried from prior draft proposal, not independently verified. A-105 shows a CMU parapet around the flat roof, which may mean no edge angle is structurally needed at all - flag to estimator.
... A16: 15 | B16: Loose Lintels - Corridor 133 door (3'-6"), L4x3-1/2x1/4 6.2 lb/ft | C16: Classroom wing exterior | D16: Angles | E16: 1 | F16: OPENING | G16: 64.108 | H16: =IF(E16="","",E16*G16) | I16: ~5'-2" per angle | J16: 0.08 | K16: =IF(J16="","",IF(J16>0.3,"HARD FAIL",IF(J16>=0.2,"CAUTION","PASS"))) | L16: Furnish only - zero labor. Borderline opening size, placed in next tier up conservatively.
H17: =IF(E17="","",E17*G17) | K17: =IF(J17="","",IF(J17>0.3,"HARD FAIL",IF(J17>=0.2,"CAUTION","PASS")))
H18: =IF(E18="","",E18*G18) | K18: =IF(J18="","",IF(J18>0.3,"HARD FAIL",IF(J18>=0.2,"CAUTION","PASS")))
H19: =IF(E19="","",E19*G19) | K19: =IF(J19="","",IF(J19>0.3,"HARD FAIL",IF(J19>=0.2,"CAUTION","PASS")))
H20: =IF(E20="","",E20*G20) | K20: =IF(J20="","",IF(J20>0.3,"HARD FAIL",IF(J20>=0.2,"CAUTION","PASS")))
H21: =IF(E21="","",E21*G21) | K21: =IF(J21="","",IF(J21>0.3,"HARD FAIL",IF(J21>=0.2,"CAUTION","PASS")))
H22: =IF(E22="","",E22*G22) | K22: =IF(J22="","",IF(J22>0.3,"HARD FAIL",IF(J22>=0.2,"CAUTION","PASS")))
H23: =IF(E23="","",E23*G23) | K23: =IF(J23="","",IF(J23>0.3,"HARD FAIL",IF(J23>=0.2,"CAUTION","PASS")))
H24: =IF(E24="","",E24*G24) | K24: =IF(J24="","",IF(J24>0.3,"HARD FAIL",IF(J24>=0.2,"CAUTION","PASS")))
H25: =IF(E25="","",E25*G25) | K25: =IF(J25="","",IF(J25>0.3,"HARD FAIL",IF(J25>=0.2,"CAUTION","PASS")))
H26: =IF(E26="","",E26*G26) | K26: =IF(J26="","",IF(J26>0.3,"HARD FAIL",IF(J26>=0.2,"CAUTION","PASS")))
H27: =IF(E27="","",E27*G27) | K27: =IF(J27="","",IF(J27>0.3,"HARD FAIL",IF(J27>=0.2,"CAUTION","PASS")))
H28: =IF(E28="","",E28*G28) | K28: =IF(J28="","",IF(J28>0.3,"HARD FAIL",IF(J28>=0.2,"CAUTION","PASS")))
... H31: =IF(E31="","",E31*G31) | K31: =IF(J31="","",IF(J31>0.3,"HARD FAIL",IF(J31>=0.2,"CAUTION","PASS")))

Sheet Summary by Material
A1: Material Type | B1: Total Qty | C1: Total Weight (lbs)
A2: WF Beams | B2: =SUMIF(Takeoff!$D$2:$D$1000,A2,Takeoff!$E$2:$E$1000) | C2: =SUMIF(Takeoff!$D$2:$D$1000,A2,Takeoff!$H$2:$H$1000)
A3: Tube / HSS | B3: =SUMIF(Takeoff!$D$2:$D$1000,A3,Takeoff!$E$2:$E$1000) | C3: =SUMIF(Takeoff!$D$2:$D$1000,A3,Takeoff!$H$2:$H$1000)
A4: Angles | B4: =SUMIF(Takeoff!$D$2:$D$1000,A4,Takeoff!$E$2:$E$1000) | C4: =SUMIF(Takeoff!$D$2:$D$1000,A4,Takeoff!$H$2:$H$1000)
A5: Channels | B5: =SUMIF(Takeoff!$D$2:$D$1000,A5,Takeoff!$E$2:$E$1000) | C5: =SUMIF(Takeoff!$D$2:$D$1000,A5,Takeoff!$H$2:$H$1000)
A6: Flats | B6: =SUMIF(Takeoff!$D$2:$D$1000,A6,Takeoff!$E$2:$E$1000) | C6: =SUMIF(Takeoff!$D$2:$D$1000,A6,Takeoff!$H$2:$H$1000)
A7: Bent Plate | B7: =SUMIF(Takeoff!$D$2:$D$1000,A7,Takeoff!$E$2:$E$1000) | C7: =SUMIF(Takeoff!$D$2:$D$1000,A7,Takeoff!$H$2:$H$1000)
A8: Burned Plate | B8: =SUMIF(Takeoff!$D$2:$D$1000,A8,Takeoff!$E$2:$E$1000) | C8: =SUMIF(Takeoff!$D$2:$D$1000,A8,Takeoff!$H$2:$H$1000)
A9: Misc Channels | B9: =SUMIF(Takeoff!$D$2:$D$1000,A9,Takeoff!$E$2:$E$1000) | C9: =SUMIF(Takeoff!$D$2:$D$1000,A9,Takeoff!$H$2:$H$1000)

Sheet Notes
A1: Takeoff Template
A3: Material Type list (col D) mirrors reference/rates.md Material Buy Rates. Waste % (col J) is entered manually per line; Waste Flag (col K) applies the resolved 3-tier rule from reference/scope-rules.md Section 3 (still marked [CONFIRM WITH ARIE]).
A5: EXCLUDED FROM THIS TAKEOFF (per Arie 2026-07-16): Dumpster/trash gate steel (out of scope), Fall Protection Anchors (not in scope), Grating (not in scope).
A6: NOT PRICED - NO RATE BASIS: LH Joists (11 EA, 48LH10) + Metal Deck (45 sq / 4,500 SF) - Joist & Deck package requires a supplier quote; rates.md has no per-joist or per-SF rate. See Bid Summary 'Joist & Deck Cost (input)' - currently $0, needs a real quote before this bid is usable.
A7: 8% waste assumed across all steel (HSS/WF/Angles) - no stock-length optimization performed, planning-stage estimate.
